Area,ISO 3 code,Year,Area type,Continent,Ember region,EU,OECD,G20,G7,ASEAN,Category,Subcategory,Variable,Unit,Value,YoY absolute change,YoY % change
Italy,ITA,2000,Country or economy,Europe,Europe,1.0,1.0,1.0,1.0,0.0,Electricity generation,Fuel,Bioenergy,TWh,1.39,,
Italy,ITA,2000,Country or economy,Europe,Europe,1.0,1.0,1.0,1.0,0.0,Electricity generation,Fuel,Coal,TWh,26.28,,
Italy,ITA,2000,Country or economy,Europe,Europe,1.0,1.0,1.0,1.0,0.0,Electricity generation,Fuel,Gas,TWh,101.36,,
Italy,ITA,2000,Country or economy,Europe,Europe,1.0,1.0,1.0,1.0,0.0,Electricity generation,Fuel,Hydro,TWh,44.2,,
Italy,ITA,2000,Country or economy,Europe,Europe,1.0,1.0,1.0,1.0,0.0,Electricity generation,Fuel,Nuclear,TWh,0.0,,
Italy,ITA,2000,Country or economy,Europe,Europe,1.0,1.0,1.0,1.0,0.0,Electricity generation,Fuel,Other Fossil,TWh,91.43,,
Italy,ITA,2000,Country or economy,Europe,Europe,1.0,1.0,1.0,1.0,0.0,Electricity generation,Fuel,Other Renewables,TWh,4.7,,
Italy,ITA,2000,Country or economy,Europe,Europe,1.0,1.0,1.0,1.0,0.0,Electricity generation,Fuel,Solar,TWh,0.02,,
Italy,ITA,2000,Country or economy,Europe,Europe,1.0,1.0,1.0,1.0,0.0,Electricity generation,Fuel,Wind,TWh,0.56,,
Italy,ITA,2001,Country or economy,Europe,Europe,1.0,1.0,1.0,1.0,0.0,Electricity generation,Fuel,Bioenergy,TWh,1.83,0.44,31.65
Italy,ITA,2001,Country or economy,Europe,Europe,1.0,1.0,1.0,1.0,0.0,Electricity generation,Fuel,Coal,TWh,31.73,5.45,20.74
Italy,ITA,2001,Country or economy,Europe,Europe,1.0,1.0,1.0,1.0,0.0,Electricity generation,Fuel,Gas,TWh,104.19,2.83,2.79
Italy,ITA,2001,Country or economy,Europe,Europe,1.0,1.0,1.0,1.0,0.0,Electricity generation,Fuel,Hydro,TWh,46.81,2.61,5.9
Italy,ITA,2001,Country or economy,Europe,Europe,1.0,1.0,1.0,1.0,0.0,Electricity generation,Fuel,Nuclear,TWh,0.0,0.0,
Italy,ITA,2001,Country or economy,Europe,Europe,1.0,1.0,1.0,1.0,0.0,Electricity generation,Fuel,Other Fossil,TWh,81.63,-9.8,-10.72
Italy,ITA,2001,Country or economy,Europe,Europe,1.0,1.0,1.0,1.0,0.0,Electricity generation,Fuel,Other Renewables,TWh,4.51,-0.19,-4.04
Italy,ITA,2001,Country or economy,Europe,Europe,1.0,1.0,1.0,1.0,0.0,Electricity generation,Fuel,Solar,TWh,0.02,0.0,0.0
Italy,ITA,2001,Country or economy,Europe,Europe,1.0,1.0,1.0,1.0,0.0,Electricity generation,Fuel,Wind,TWh,1.18,0.62,110.71
Italy,ITA,2002,Country or economy,Europe,Europe,1.0,1.0,1.0,1.0,0.0,Electricity generation,Fuel,Bioenergy,TWh,2.71,0.88,48.09
Italy,ITA,2002,Country or economy,Europe,Europe,1.0,1.0,1.0,1.0,0.0,Electricity generation,Fuel,Coal,TWh,35.45,3.72,11.72
Italy,ITA,2002,Country or economy,Europe,Europe,1.0,1.0,1.0,1.0,0.0,Electricity generation,Fuel,Gas,TWh,99.41,-4.78,-4.59
Italy,ITA,2002,Country or economy,Europe,Europe,1.0,1.0,1.0,1.0,0.0,Electricity generation,Fuel,Hydro,TWh,39.52,-7.29,-15.57
Italy,ITA,2002,Country or economy,Europe,Europe,1.0,1.0,1.0,1.0,0.0,Electricity generation,Fuel,Nuclear,TWh,0.0,0.0,
Italy,ITA,2002,Country or economy,Europe,Europe,1.0,1.0,1.0,1.0,0.0,Electricity generation,Fuel,Other Fossil,TWh,94.36,12.73,15.59
Italy,ITA,2002,Country or economy,Europe,Europe,1.0,1.0,1.0,1.0,0.0,Electricity generation,Fuel,Other Renewables,TWh,4.66,0.15,3.33
Italy,ITA,2002,Country or economy,Europe,Europe,1.0,1.0,1.0,1.0,0.0,Electricity generation,Fuel,Solar,TWh,0.02,0.0,0.0
Italy,ITA,2002,Country or economy,Europe,Europe,1.0,1.0,1.0,1.0,0.0,Electricity generation,Fuel,Wind,TWh,1.4,0.22,18.64
Italy,ITA,2003,Country or economy,Europe,Europe,1.0,1.0,1.0,1.0,0.0,Electricity generation,Fuel,Bioenergy,TWh,3.37,0.66,24.35
Italy,ITA,2003,Country or economy,Europe,Europe,1.0,1.0,1.0,1.0,0.0,Electricity generation,Fuel,Coal,TWh,38.81,3.36,9.48
Italy,ITA,2003,Country or economy,Europe,Europe,1.0,1.0,1.0,1.0,0.0,Electricity generation,Fuel,Gas,TWh,117.3,17.89,18.0
Italy,ITA,2003,Country or economy,Europe,Europe,1.0,1.0,1.0,1.0,0.0,Electricity generation,Fuel,Hydro,TWh,36.67,-2.85,-7.21
Italy,ITA,2003,Country or economy,Europe,Europe,1.0,1.0,1.0,1.0,0.0,Electricity generation,Fuel,Nuclear,TWh,0.0,0.0,
Italy,ITA,2003,Country or economy,Europe,Europe,1.0,1.0,1.0,1.0,0.0,Electricity generation,Fuel,Other Fossil,TWh,83.3,-11.06,-11.72
Italy,ITA,2003,Country or economy,Europe,Europe,1.0,1.0,1.0,1.0,0.0,Electricity generation,Fuel,Other Renewables,TWh,5.34,0.68,14.59
Italy,ITA,2003,Country or economy,Europe,Europe,1.0,1.0,1.0,1.0,0.0,Electricity generation,Fuel,Solar,TWh,0.02,0.0,0.0
Italy,ITA,2003,Country or economy,Europe,Europe,1.0,1.0,1.0,1.0,0.0,Electricity generation,Fuel,Wind,TWh,1.46,0.06,4.29
Italy,ITA,2004,Country or economy,Europe,Europe,1.0,1.0,1.0,1.0,0.0,Electricity generation,Fuel,Bioenergy,TWh,4.22,0.85,25.22
Italy,ITA,2004,Country or economy,Europe,Europe,1.0,1.0,1.0,1.0,0.0,Electricity generation,Fuel,Coal,TWh,45.52,6.71,17.29
Italy,ITA,2004,Country or economy,Europe,Europe,1.0,1.0,1.0,1.0,0.0,Electricity generation,Fuel,Gas,TWh,129.84,12.54,10.69
Italy,ITA,2004,Country or economy,Europe,Europe,1.0,1.0,1.0,1.0,0.0,Electricity generation,Fuel,Hydro,TWh,42.34,5.67,15.46
Italy,ITA,2004,Country or economy,Europe,Europe,1.0,1.0,1.0,1.0,0.0,Electricity generation,Fuel,Nuclear,TWh,0.0,0.0,
Italy,ITA,2004,Country or economy,Europe,Europe,1.0,1.0,1.0,1.0,0.0,Electricity generation,Fuel,Other Fossil,TWh,64.48,-18.82,-22.59
Italy,ITA,2004,Country or economy,Europe,Europe,1.0,1.0,1.0,1.0,0.0,Electricity generation,Fuel,Other Renewables,TWh,5.44,0.1,1.87
Italy,ITA,2004,Country or economy,Europe,Europe,1.0,1.0,1.0,1.0,0.0,Electricity generation,Fuel,Solar,TWh,0.03,0.01,50.0
Italy,ITA,2004,Country or economy,Europe,Europe,1.0,1.0,1.0,1.0,0.0,Electricity generation,Fuel,Wind,TWh,1.84,0.38,26.03
Italy,ITA,2005,Country or economy,Europe,Europe,1.0,1.0,1.0,1.0,0.0,Electricity generation,Fuel,Bioenergy,TWh,4.67,0.45,10.66
Italy,ITA,2005,Country or economy,Europe,Europe,1.0,1.0,1.0,1.0,0.0,Electricity generation,Fuel,Coal,TWh,43.61,-1.91,-4.2
Italy,ITA,2005,Country or economy,Europe,Europe,1.0,1.0,1.0,1.0,0.0,Electricity generation,Fuel,Gas,TWh,149.33,19.49,15.01
Italy,ITA,2005,Country or economy,Europe,Europe,1.0,1.0,1.0,1.0,0.0,Electricity generation,Fuel,Hydro,TWh,36.07,-6.27,-14.81
Italy,ITA,2005,Country or economy,Europe,Europe,1.0,1.0,1.0,1.0,0.0,Electricity generation,Fuel,Nuclear,TWh,0.0,0.0,
Italy,ITA,2005,Country or economy,Europe,Europe,1.0,1.0,1.0,1.0,0.0,Electricity generation,Fuel,Other Fossil,TWh,53.26,-11.22,-17.4
Italy,ITA,2005,Country or economy,Europe,Europe,1.0,1.0,1.0,1.0,0.0,Electricity generation,Fuel,Other Renewables,TWh,5.32,-0.12,-2.21
Italy,ITA,2005,Country or economy,Europe,Europe,1.0,1.0,1.0,1.0,0.0,Electricity generation,Fuel,Solar,TWh,0.03,0.0,0.0
Italy,ITA,2005,Country or economy,Europe,Europe,1.0,1.0,1.0,1.0,0.0,Electricity generation,Fuel,Wind,TWh,2.34,0.5,27.17
Italy,ITA,2006,Country or economy,Europe,Europe,1.0,1.0,1.0,1.0,0.0,Electricity generation,Fuel,Bioenergy,TWh,5.11,0.44,9.42
Italy,ITA,2006,Country or economy,Europe,Europe,1.0,1.0,1.0,1.0,0.0,Electricity generation,Fuel,Coal,TWh,44.21,0.6,1.38
Italy,ITA,2006,Country or economy,Europe,Europe,1.0,1.0,1.0,1.0,0.0,Electricity generation,Fuel,Gas,TWh,158.14,8.81,5.9
Italy,ITA,2006,Country or economy,Europe,Europe,1.0,1.0,1.0,1.0,0.0,Electricity generation,Fuel,Hydro,TWh,36.99,0.92,2.55
Italy,ITA,2006,Country or economy,Europe,Europe,1.0,1.0,1.0,1.0,0.0,Electricity generation,Fuel,Nuclear,TWh,0.0,0.0,
Italy,ITA,2006,Country or economy,Europe,Europe,1.0,1.0,1.0,1.0,0.0,Electricity generation,Fuel,Other Fossil,TWh,52.62,-0.64,-1.2
Italy,ITA,2006,Country or economy,Europe,Europe,1.0,1.0,1.0,1.0,0.0,Electricity generation,Fuel,Other Renewables,TWh,5.53,0.21,3.95
Italy,ITA,2006,Country or economy,Europe,Europe,1.0,1.0,1.0,1.0,0.0,Electricity generation,Fuel,Solar,TWh,0.04,0.01,33.33
Italy,ITA,2006,Country or economy,Europe,Europe,1.0,1.0,1.0,1.0,0.0,Electricity generation,Fuel,Wind,TWh,2.97,0.63,26.92
Italy,ITA,2007,Country or economy,Europe,Europe,1.0,1.0,1.0,1.0,0.0,Electricity generation,Fuel,Bioenergy,TWh,5.26,0.15,2.94
Italy,ITA,2007,Country or economy,Europe,Europe,1.0,1.0,1.0,1.0,0.0,Electricity generation,Fuel,Coal,TWh,44.11,-0.1,-0.23
Italy,ITA,2007,Country or economy,Europe,Europe,1.0,1.0,1.0,1.0,0.0,Electricity generation,Fuel,Gas,TWh,172.71,14.57,9.21
Italy,ITA,2007,Country or economy,Europe,Europe,1.0,1.0,1.0,1.0,0.0,Electricity generation,Fuel,Hydro,TWh,32.82,-4.17,-11.27
Italy,ITA,2007,Country or economy,Europe,Europe,1.0,1.0,1.0,1.0,0.0,Electricity generation,Fuel,Nuclear,TWh,0.0,0.0,
Italy,ITA,2007,Country or economy,Europe,Europe,1.0,1.0,1.0,1.0,0.0,Electricity generation,Fuel,Other Fossil,TWh,41.63,-10.99,-20.89
Italy,ITA,2007,Country or economy,Europe,Europe,1.0,1.0,1.0,1.0,0.0,Electricity generation,Fuel,Other Renewables,TWh,5.57,0.04,0.72
Italy,ITA,2007,Country or economy,Europe,Europe,1.0,1.0,1.0,1.0,0.0,Electricity generation,Fuel,Solar,TWh,0.04,0.0,0.0
Italy,ITA,2007,Country or economy,Europe,Europe,1.0,1.0,1.0,1.0,0.0,Electricity generation,Fuel,Wind,TWh,4.03,1.06,35.69
Italy,ITA,2008,Country or economy,Europe,Europe,1.0,1.0,1.0,1.0,0.0,Electricity generation,Fuel,Bioenergy,TWh,5.97,0.71,13.5
Italy,ITA,2008,Country or economy,Europe,Europe,1.0,1.0,1.0,1.0,0.0,Electricity generation,Fuel,Coal,TWh,43.07,-1.04,-2.36
Italy,ITA,2008,Country or economy,Europe,Europe,1.0,1.0,1.0,1.0,0.0,Electricity generation,Fuel,Gas,TWh,172.77,0.06,0.03
Italy,ITA,2008,Country or economy,Europe,Europe,1.0,1.0,1.0,1.0,0.0,Electricity generation,Fuel,Hydro,TWh,41.62,8.8,26.81
Italy,ITA,2008,Country or economy,Europe,Europe,1.0,1.0,1.0,1.0,0.0,Electricity generation,Fuel,Nuclear,TWh,0.0,0.0,
Italy,ITA,2008,Country or economy,Europe,Europe,1.0,1.0,1.0,1.0,0.0,Electricity generation,Fuel,Other Fossil,TWh,37.57,-4.06,-9.75
Italy,ITA,2008,Country or economy,Europe,Europe,1.0,1.0,1.0,1.0,0.0,Electricity generation,Fuel,Other Renewables,TWh,5.52,-0.05,-0.9
Italy,ITA,2008,Country or economy,Europe,Europe,1.0,1.0,1.0,1.0,0.0,Electricity generation,Fuel,Solar,TWh,0.19,0.15,375.0
Italy,ITA,2008,Country or economy,Europe,Europe,1.0,1.0,1.0,1.0,0.0,Electricity generation,Fuel,Wind,TWh,4.86,0.83,20.6
Italy,ITA,2009,Country or economy,Europe,Europe,1.0,1.0,1.0,1.0,0.0,Electricity generation,Fuel,Bioenergy,TWh,7.56,1.59,26.63
Italy,ITA,2009,Country or economy,Europe,Europe,1.0,1.0,1.0,1.0,0.0,Electricity generation,Fuel,Coal,TWh,39.74,-3.33,-7.73
Italy,ITA,2009,Country or economy,Europe,Europe,1.0,1.0,1.0,1.0,0.0,Electricity generation,Fuel,Gas,TWh,147.36,-25.41,-14.71
Italy,ITA,2009,Country or economy,Europe,Europe,1.0,1.0,1.0,1.0,0.0,Electricity generation,Fuel,Hydro,TWh,49.14,7.52,18.07
Italy,ITA,2009,Country or economy,Europe,Europe,1.0,1.0,1.0,1.0,0.0,Electricity generation,Fuel,Nuclear,TWh,0.0,0.0,
Italy,ITA,2009,Country or economy,Europe,Europe,1.0,1.0,1.0,1.0,0.0,Electricity generation,Fuel,Other Fossil,TWh,30.0,-7.57,-20.15
Italy,ITA,2009,Country or economy,Europe,Europe,1.0,1.0,1.0,1.0,0.0,Electricity generation,Fuel,Other Renewables,TWh,5.34,-0.18,-3.26
Italy,ITA,2009,Country or economy,Europe,Europe,1.0,1.0,1.0,1.0,0.0,Electricity generation,Fuel,Solar,TWh,0.68,0.49,257.89
Italy,ITA,2009,Country or economy,Europe,Europe,1.0,1.0,1.0,1.0,0.0,Electricity generation,Fuel,Wind,TWh,6.54,1.68,34.57
Italy,ITA,2010,Country or economy,Europe,Europe,1.0,1.0,1.0,1.0,0.0,Electricity generation,Fuel,Bioenergy,TWh,9.44,1.88,24.87
Italy,ITA,2010,Country or economy,Europe,Europe,1.0,1.0,1.0,1.0,0.0,Electricity generation,Fuel,Coal,TWh,39.73,-0.01,-0.03
Italy,ITA,2010,Country or economy,Europe,Europe,1.0,1.0,1.0,1.0,0.0,Electricity generation,Fuel,Gas,TWh,152.81,5.45,3.7
Italy,ITA,2010,Country or economy,Europe,Europe,1.0,1.0,1.0,1.0,0.0,Electricity generation,Fuel,Hydro,TWh,51.12,1.98,4.03
Italy,ITA,2010,Country or economy,Europe,Europe,1.0,1.0,1.0,1.0,0.0,Electricity generation,Fuel,Nuclear,TWh,0.0,0.0,
Italy,ITA,2010,Country or economy,Europe,Europe,1.0,1.0,1.0,1.0,0.0,Electricity generation,Fuel,Other Fossil,TWh,27.12,-2.88,-9.6
Italy,ITA,2010,Country or economy,Europe,Europe,1.0,1.0,1.0,1.0,0.0,Electricity generation,Fuel,Other Renewables,TWh,5.38,0.04,0.75
Italy,ITA,2010,Country or economy,Europe,Europe,1.0,1.0,1.0,1.0,0.0,Electricity generation,Fuel,Solar,TWh,1.91,1.23,180.88
Italy,ITA,2010,Country or economy,Europe,Europe,1.0,1.0,1.0,1.0,0.0,Electricity generation,Fuel,Wind,TWh,9.12,2.58,39.45
Italy,ITA,2011,Country or economy,Europe,Europe,1.0,1.0,1.0,1.0,0.0,Electricity generation,Fuel,Bioenergy,TWh,10.83,1.39,14.72
Italy,ITA,2011,Country or economy,Europe,Europe,1.0,1.0,1.0,1.0,0.0,Electricity generation,Fuel,Coal,TWh,44.73,5.0,12.58
Italy,ITA,2011,Country or economy,Europe,Europe,1.0,1.0,1.0,1.0,0.0,Electricity generation,Fuel,Gas,TWh,144.6,-8.21,-5.37
Italy,ITA,2011,Country or economy,Europe,Europe,1.0,1.0,1.0,1.0,0.0,Electricity generation,Fuel,Hydro,TWh,45.82,-5.3,-10.37
Italy,ITA,2011,Country or economy,Europe,Europe,1.0,1.0,1.0,1.0,0.0,Electricity generation,Fuel,Nuclear,TWh,0.0,0.0,
Italy,ITA,2011,Country or economy,Europe,Europe,1.0,1.0,1.0,1.0,0.0,Electricity generation,Fuel,Other Fossil,TWh,26.09,-1.03,-3.8
Italy,ITA,2011,Country or economy,Europe,Europe,1.0,1.0,1.0,1.0,0.0,Electricity generation,Fuel,Other Renewables,TWh,5.65,0.27,5.02
Italy,ITA,2011,Country or economy,Europe,Europe,1.0,1.0,1.0,1.0,0.0,Electricity generation,Fuel,Solar,TWh,10.8,8.89,465.45
Italy,ITA,2011,Country or economy,Europe,Europe,1.0,1.0,1.0,1.0,0.0,Electricity generation,Fuel,Wind,TWh,9.85,0.73,8.0
Italy,ITA,2012,Country or economy,Europe,Europe,1.0,1.0,1.0,1.0,0.0,Electricity generation,Fuel,Bioenergy,TWh,12.49,1.66,15.33
Italy,ITA,2012,Country or economy,Europe,Europe,1.0,1.0,1.0,1.0,0.0,Electricity generation,Fuel,Coal,TWh,49.14,4.41,9.86
Italy,ITA,2012,Country or economy,Europe,Europe,1.0,1.0,1.0,1.0,0.0,Electricity generation,Fuel,Gas,TWh,129.14,-15.46,-10.69
Italy,ITA,2012,Country or economy,Europe,Europe,1.0,1.0,1.0,1.0,0.0,Electricity generation,Fuel,Hydro,TWh,41.87,-3.95,-8.62
Italy,ITA,2012,Country or economy,Europe,Europe,1.0,1.0,1.0,1.0,0.0,Electricity generation,Fuel,Nuclear,TWh,0.0,0.0,
Italy,ITA,2012,Country or economy,Europe,Europe,1.0,1.0,1.0,1.0,0.0,Electricity generation,Fuel,Other Fossil,TWh,24.75,-1.34,-5.14
Italy,ITA,2012,Country or economy,Europe,Europe,1.0,1.0,1.0,1.0,0.0,Electricity generation,Fuel,Other Renewables,TWh,5.59,-0.06,-1.06
Italy,ITA,2012,Country or economy,Europe,Europe,1.0,1.0,1.0,1.0,0.0,Electricity generation,Fuel,Solar,TWh,18.86,8.06,74.63
Italy,ITA,2012,Country or economy,Europe,Europe,1.0,1.0,1.0,1.0,0.0,Electricity generation,Fuel,Wind,TWh,13.41,3.56,36.14
Italy,ITA,2013,Country or economy,Europe,Europe,1.0,1.0,1.0,1.0,0.0,Electricity generation,Fuel,Bioenergy,TWh,17.08,4.59,36.75
Italy,ITA,2013,Country or economy,Europe,Europe,1.0,1.0,1.0,1.0,0.0,Electricity generation,Fuel,Coal,TWh,45.1,-4.04,-8.22
Italy,ITA,2013,Country or economy,Europe,Europe,1.0,1.0,1.0,1.0,0.0,Electricity generation,Fuel,Gas,TWh,108.91,-20.23,-15.67
Italy,ITA,2013,Country or economy,Europe,Europe,1.0,1.0,1.0,1.0,0.0,Electricity generation,Fuel,Hydro,TWh,52.77,10.9,26.03
Italy,ITA,2013,Country or economy,Europe,Europe,1.0,1.0,1.0,1.0,0.0,Electricity generation,Fuel,Nuclear,TWh,0.0,0.0,
Italy,ITA,2013,Country or economy,Europe,Europe,1.0,1.0,1.0,1.0,0.0,Electricity generation,Fuel,Other Fossil,TWh,20.01,-4.74,-19.15
Italy,ITA,2013,Country or economy,Europe,Europe,1.0,1.0,1.0,1.0,0.0,Electricity generation,Fuel,Other Renewables,TWh,5.66,0.07,1.25
Italy,ITA,2013,Country or economy,Europe,Europe,1.0,1.0,1.0,1.0,0.0,Electricity generation,Fuel,Solar,TWh,21.59,2.73,14.48
Italy,ITA,2013,Country or economy,Europe,Europe,1.0,1.0,1.0,1.0,0.0,Electricity generation,Fuel,Wind,TWh,14.9,1.49,11.11
Italy,ITA,2014,Country or economy,Europe,Europe,1.0,1.0,1.0,1.0,0.0,Electricity generation,Fuel,Bioenergy,TWh,18.72,1.64,9.6
Italy,ITA,2014,Country or economy,Europe,Europe,1.0,1.0,1.0,1.0,0.0,Electricity generation,Fuel,Coal,TWh,43.45,-1.65,-3.66
Italy,ITA,2014,Country or economy,Europe,Europe,1.0,1.0,1.0,1.0,0.0,Electricity generation,Fuel,Gas,TWh,93.66,-15.25,-14.0
Italy,ITA,2014,Country or economy,Europe,Europe,1.0,1.0,1.0,1.0,0.0,Electricity generation,Fuel,Hydro,TWh,58.55,5.78,10.95
Italy,ITA,2014,Country or economy,Europe,Europe,1.0,1.0,1.0,1.0,0.0,Electricity generation,Fuel,Nuclear,TWh,0.0,0.0,
Italy,ITA,2014,Country or economy,Europe,Europe,1.0,1.0,1.0,1.0,0.0,Electricity generation,Fuel,Other Fossil,TWh,18.74,-1.27,-6.35
Italy,ITA,2014,Country or economy,Europe,Europe,1.0,1.0,1.0,1.0,0.0,Electricity generation,Fuel,Other Renewables,TWh,5.92,0.26,4.59
Italy,ITA,2014,Country or economy,Europe,Europe,1.0,1.0,1.0,1.0,0.0,Electricity generation,Fuel,Solar,TWh,22.31,0.72,3.33
Italy,ITA,2014,Country or economy,Europe,Europe,1.0,1.0,1.0,1.0,0.0,Electricity generation,Fuel,Wind,TWh,15.18,0.28,1.88
Italy,ITA,2015,Country or economy,Europe,Europe,1.0,1.0,1.0,1.0,0.0,Electricity generation,Fuel,Bioenergy,TWh,19.39,0.67,3.58
Italy,ITA,2015,Country or economy,Europe,Europe,1.0,1.0,1.0,1.0,0.0,Electricity generation,Fuel,Coal,TWh,43.2,-0.25,-0.58
Italy,ITA,2015,Country or economy,Europe,Europe,1.0,1.0,1.0,1.0,0.0,Electricity generation,Fuel,Gas,TWh,110.88,17.22,18.39
Italy,ITA,2015,Country or economy,Europe,Europe,1.0,1.0,1.0,1.0,0.0,Electricity generation,Fuel,Hydro,TWh,45.54,-13.01,-22.22
Italy,ITA,2015,Country or economy,Europe,Europe,1.0,1.0,1.0,1.0,0.0,Electricity generation,Fuel,Nuclear,TWh,0.0,0.0,
Italy,ITA,2015,Country or economy,Europe,Europe,1.0,1.0,1.0,1.0,0.0,Electricity generation,Fuel,Other Fossil,TWh,16.73,-2.01,-10.73
Italy,ITA,2015,Country or economy,Europe,Europe,1.0,1.0,1.0,1.0,0.0,Electricity generation,Fuel,Other Renewables,TWh,6.18,0.26,4.39
Italy,ITA,2015,Country or economy,Europe,Europe,1.0,1.0,1.0,1.0,0.0,Electricity generation,Fuel,Solar,TWh,22.94,0.63,2.82
Italy,ITA,2015,Country or economy,Europe,Europe,1.0,1.0,1.0,1.0,0.0,Electricity generation,Fuel,Wind,TWh,14.84,-0.34,-2.24
Italy,ITA,2016,Country or economy,Europe,Europe,1.0,1.0,1.0,1.0,0.0,Electricity generation,Fuel,Bioenergy,TWh,19.5,0.11,0.57
Italy,ITA,2016,Country or economy,Europe,Europe,1.0,1.0,1.0,1.0,0.0,Electricity generation,Fuel,Coal,TWh,35.61,-7.59,-17.57
Italy,ITA,2016,Country or economy,Europe,Europe,1.0,1.0,1.0,1.0,0.0,Electricity generation,Fuel,Gas,TWh,126.17,15.29,13.79
Italy,ITA,2016,Country or economy,Europe,Europe,1.0,1.0,1.0,1.0,0.0,Electricity generation,Fuel,Hydro,TWh,42.43,-3.11,-6.83
Italy,ITA,2016,Country or economy,Europe,Europe,1.0,1.0,1.0,1.0,0.0,Electricity generation,Fuel,Nuclear,TWh,0.0,0.0,
Italy,ITA,2016,Country or economy,Europe,Europe,1.0,1.0,1.0,1.0,0.0,Electricity generation,Fuel,Other Fossil,TWh,16.16,-0.57,-3.41
Italy,ITA,2016,Country or economy,Europe,Europe,1.0,1.0,1.0,1.0,0.0,Electricity generation,Fuel,Other Renewables,TWh,6.29,0.11,1.78
Italy,ITA,2016,Country or economy,Europe,Europe,1.0,1.0,1.0,1.0,0.0,Electricity generation,Fuel,Solar,TWh,22.1,-0.84,-3.66
Italy,ITA,2016,Country or economy,Europe,Europe,1.0,1.0,1.0,1.0,0.0,Electricity generation,Fuel,Wind,TWh,17.69,2.85,19.2
Italy,ITA,2017,Country or economy,Europe,Europe,1.0,1.0,1.0,1.0,0.0,Electricity generation,Fuel,Bioenergy,TWh,19.37,-0.13,-0.67
Italy,ITA,2017,Country or economy,Europe,Europe,1.0,1.0,1.0,1.0,0.0,Electricity generation,Fuel,Coal,TWh,32.63,-2.98,-8.37
Italy,ITA,2017,Country or economy,Europe,Europe,1.0,1.0,1.0,1.0,0.0,Electricity generation,Fuel,Gas,TWh,140.36,14.19,11.25
Italy,ITA,2017,Country or economy,Europe,Europe,1.0,1.0,1.0,1.0,0.0,Electricity generation,Fuel,Hydro,TWh,36.2,-6.23,-14.68
Italy,ITA,2017,Country or economy,Europe,Europe,1.0,1.0,1.0,1.0,0.0,Electricity generation,Fuel,Nuclear,TWh,0.0,0.0,
Italy,ITA,2017,Country or economy,Europe,Europe,1.0,1.0,1.0,1.0,0.0,Electricity generation,Fuel,Other Fossil,TWh,15.21,-0.95,-5.88
Italy,ITA,2017,Country or economy,Europe,Europe,1.0,1.0,1.0,1.0,0.0,Electricity generation,Fuel,Other Renewables,TWh,6.2,-0.09,-1.43
Italy,ITA,2017,Country or economy,Europe,Europe,1.0,1.0,1.0,1.0,0.0,Electricity generation,Fuel,Solar,TWh,24.38,2.28,10.32
Italy,ITA,2017,Country or economy,Europe,Europe,1.0,1.0,1.0,1.0,0.0,Electricity generation,Fuel,Wind,TWh,17.74,0.05,0.28
Italy,ITA,2018,Country or economy,Europe,Europe,1.0,1.0,1.0,1.0,0.0,Electricity generation,Fuel,Bioenergy,TWh,19.14,-0.23,-1.19
Italy,ITA,2018,Country or economy,Europe,Europe,1.0,1.0,1.0,1.0,0.0,Electricity generation,Fuel,Coal,TWh,28.47,-4.16,-12.75
Italy,ITA,2018,Country or economy,Europe,Europe,1.0,1.0,1.0,1.0,0.0,Electricity generation,Fuel,Gas,TWh,128.56,-11.8,-8.41
Italy,ITA,2018,Country or economy,Europe,Europe,1.0,1.0,1.0,1.0,0.0,Electricity generation,Fuel,Hydro,TWh,48.79,12.59,34.78
Italy,ITA,2018,Country or economy,Europe,Europe,1.0,1.0,1.0,1.0,0.0,Electricity generation,Fuel,Nuclear,TWh,0.0,0.0,
Italy,ITA,2018,Country or economy,Europe,Europe,1.0,1.0,1.0,1.0,0.0,Electricity generation,Fuel,Other Fossil,TWh,14.62,-0.59,-3.88
Italy,ITA,2018,Country or economy,Europe,Europe,1.0,1.0,1.0,1.0,0.0,Electricity generation,Fuel,Other Renewables,TWh,6.11,-0.09,-1.45
Italy,ITA,2018,Country or economy,Europe,Europe,1.0,1.0,1.0,1.0,0.0,Electricity generation,Fuel,Solar,TWh,22.65,-1.73,-7.1
Italy,ITA,2018,Country or economy,Europe,Europe,1.0,1.0,1.0,1.0,0.0,Electricity generation,Fuel,Wind,TWh,17.72,-0.02,-0.11
Italy,ITA,2019,Country or economy,Europe,Europe,1.0,1.0,1.0,1.0,0.0,Electricity generation,Fuel,Bioenergy,TWh,19.55,0.41,2.14
Italy,ITA,2019,Country or economy,Europe,Europe,1.0,1.0,1.0,1.0,0.0,Electricity generation,Fuel,Coal,TWh,18.84,-9.63,-33.83
Italy,ITA,2019,Country or economy,Europe,Europe,1.0,1.0,1.0,1.0,0.0,Electricity generation,Fuel,Gas,TWh,141.7,13.14,10.22
Italy,ITA,2019,Country or economy,Europe,Europe,1.0,1.0,1.0,1.0,0.0,Electricity generation,Fuel,Hydro,TWh,46.32,-2.47,-5.06
Italy,ITA,2019,Country or economy,Europe,Europe,1.0,1.0,1.0,1.0,0.0,Electricity generation,Fuel,Nuclear,TWh,0.0,0.0,
Italy,ITA,2019,Country or economy,Europe,Europe,1.0,1.0,1.0,1.0,0.0,Electricity generation,Fuel,Other Fossil,TWh,13.62,-1.0,-6.84
Italy,ITA,2019,Country or economy,Europe,Europe,1.0,1.0,1.0,1.0,0.0,Electricity generation,Fuel,Other Renewables,TWh,6.07,-0.04,-0.65
Italy,ITA,2019,Country or economy,Europe,Europe,1.0,1.0,1.0,1.0,0.0,Electricity generation,Fuel,Solar,TWh,23.69,1.04,4.59
Italy,ITA,2019,Country or economy,Europe,Europe,1.0,1.0,1.0,1.0,0.0,Electricity generation,Fuel,Wind,TWh,20.2,2.48,14.0
Italy,ITA,2020,Country or economy,Europe,Europe,1.0,1.0,1.0,1.0,0.0,Electricity generation,Fuel,Bioenergy,TWh,19.62,0.07,0.36
Italy,ITA,2020,Country or economy,Europe,Europe,1.0,1.0,1.0,1.0,0.0,Electricity generation,Fuel,Coal,TWh,13.38,-5.46,-28.98
Italy,ITA,2020,Country or economy,Europe,Europe,1.0,1.0,1.0,1.0,0.0,Electricity generation,Fuel,Gas,TWh,133.7,-8.0,-5.65
Italy,ITA,2020,Country or economy,Europe,Europe,1.0,1.0,1.0,1.0,0.0,Electricity generation,Fuel,Hydro,TWh,47.55,1.23,2.66
Italy,ITA,2020,Country or economy,Europe,Europe,1.0,1.0,1.0,1.0,0.0,Electricity generation,Fuel,Nuclear,TWh,0.0,0.0,
Italy,ITA,2020,Country or economy,Europe,Europe,1.0,1.0,1.0,1.0,0.0,Electricity generation,Fuel,Other Fossil,TWh,12.83,-0.79,-5.8
Italy,ITA,2020,Country or economy,Europe,Europe,1.0,1.0,1.0,1.0,0.0,Electricity generation,Fuel,Other Renewables,TWh,6.03,-0.04,-0.66
Italy,ITA,2020,Country or economy,Europe,Europe,1.0,1.0,1.0,1.0,0.0,Electricity generation,Fuel,Solar,TWh,24.94,1.25,5.28
Italy,ITA,2020,Country or economy,Europe,Europe,1.0,1.0,1.0,1.0,0.0,Electricity generation,Fuel,Wind,TWh,18.76,-1.44,-7.13
Italy,ITA,2021,Country or economy,Europe,Europe,1.0,1.0,1.0,1.0,0.0,Electricity generation,Fuel,Bioenergy,TWh,19.06,-0.56,-2.85
Italy,ITA,2021,Country or economy,Europe,Europe,1.0,1.0,1.0,1.0,0.0,Electricity generation,Fuel,Coal,TWh,14.02,0.64,4.78
Italy,ITA,2021,Country or economy,Europe,Europe,1.0,1.0,1.0,1.0,0.0,Electricity generation,Fuel,Gas,TWh,144.01,10.31,7.71
Italy,ITA,2021,Country or economy,Europe,Europe,1.0,1.0,1.0,1.0,0.0,Electricity generation,Fuel,Hydro,TWh,45.39,-2.16,-4.54
Italy,ITA,2021,Country or economy,Europe,Europe,1.0,1.0,1.0,1.0,0.0,Electricity generation,Fuel,Nuclear,TWh,0.0,0.0,
Italy,ITA,2021,Country or economy,Europe,Europe,1.0,1.0,1.0,1.0,0.0,Electricity generation,Fuel,Other Fossil,TWh,11.13,-1.7,-13.25
Italy,ITA,2021,Country or economy,Europe,Europe,1.0,1.0,1.0,1.0,0.0,Electricity generation,Fuel,Other Renewables,TWh,5.91,-0.12,-1.99
Italy,ITA,2021,Country or economy,Europe,Europe,1.0,1.0,1.0,1.0,0.0,Electricity generation,Fuel,Solar,TWh,25.04,0.1,0.4
Italy,ITA,2021,Country or economy,Europe,Europe,1.0,1.0,1.0,1.0,0.0,Electricity generation,Fuel,Wind,TWh,20.93,2.17,11.57
Italy,ITA,2022,Country or economy,Europe,Europe,1.0,1.0,1.0,1.0,0.0,Electricity generation,Fuel,Bioenergy,TWh,17.61,-1.45,-7.61
Italy,ITA,2022,Country or economy,Europe,Europe,1.0,1.0,1.0,1.0,0.0,Electricity generation,Fuel,Coal,TWh,22.61,8.59,61.27
Italy,ITA,2022,Country or economy,Europe,Europe,1.0,1.0,1.0,1.0,0.0,Electricity generation,Fuel,Gas,TWh,141.47,-2.54,-1.76
Italy,ITA,2022,Country or economy,Europe,Europe,1.0,1.0,1.0,1.0,0.0,Electricity generation,Fuel,Hydro,TWh,28.4,-16.99,-37.43
Italy,ITA,2022,Country or economy,Europe,Europe,1.0,1.0,1.0,1.0,0.0,Electricity generation,Fuel,Nuclear,TWh,0.0,0.0,
Italy,ITA,2022,Country or economy,Europe,Europe,1.0,1.0,1.0,1.0,0.0,Electricity generation,Fuel,Other Fossil,TWh,15.63,4.5,40.43
Italy,ITA,2022,Country or economy,Europe,Europe,1.0,1.0,1.0,1.0,0.0,Electricity generation,Fuel,Other Renewables,TWh,5.84,-0.07,-1.18
Italy,ITA,2022,Country or economy,Europe,Europe,1.0,1.0,1.0,1.0,0.0,Electricity generation,Fuel,Solar,TWh,28.12,3.08,12.3
Italy,ITA,2022,Country or economy,Europe,Europe,1.0,1.0,1.0,1.0,0.0,Electricity generation,Fuel,Wind,TWh,20.49,-0.44,-2.1
Italy,ITA,2023,Country or economy,Europe,Europe,1.0,1.0,1.0,1.0,0.0,Electricity generation,Fuel,Bioenergy,TWh,16.01,-1.6,-9.09
Italy,ITA,2023,Country or economy,Europe,Europe,1.0,1.0,1.0,1.0,0.0,Electricity generation,Fuel,Coal,TWh,13.22,-9.39,-41.53
Italy,ITA,2023,Country or economy,Europe,Europe,1.0,1.0,1.0,1.0,0.0,Electricity generation,Fuel,Gas,TWh,119.02,-22.45,-15.87
Italy,ITA,2023,Country or economy,Europe,Europe,1.0,1.0,1.0,1.0,0.0,Electricity generation,Fuel,Hydro,TWh,40.52,12.12,42.68
Italy,ITA,2023,Country or economy,Europe,Europe,1.0,1.0,1.0,1.0,0.0,Electricity generation,Fuel,Nuclear,TWh,0.0,0.0,
Italy,ITA,2023,Country or economy,Europe,Europe,1.0,1.0,1.0,1.0,0.0,Electricity generation,Fuel,Other Fossil,TWh,12.79,-2.84,-18.17
Italy,ITA,2023,Country or economy,Europe,Europe,1.0,1.0,1.0,1.0,0.0,Electricity generation,Fuel,Other Renewables,TWh,5.69,-0.15,-2.57
Italy,ITA,2023,Country or economy,Europe,Europe,1.0,1.0,1.0,1.0,0.0,Electricity generation,Fuel,Solar,TWh,30.71,2.59,9.21
Italy,ITA,2023,Country or economy,Europe,Europe,1.0,1.0,1.0,1.0,0.0,Electricity generation,Fuel,Wind,TWh,23.54,3.05,14.89
Italy,ITA,2024,Country or economy,Europe,Europe,1.0,1.0,1.0,1.0,0.0,Electricity generation,Fuel,Bioenergy,TWh,17.23,1.22,7.62
Italy,ITA,2024,Country or economy,Europe,Europe,1.0,1.0,1.0,1.0,0.0,Electricity generation,Fuel,Coal,TWh,3.95,-9.27,-70.12
Italy,ITA,2024,Country or economy,Europe,Europe,1.0,1.0,1.0,1.0,0.0,Electricity generation,Fuel,Gas,TWh,118.59,-0.43,-0.36
Italy,ITA,2024,Country or economy,Europe,Europe,1.0,1.0,1.0,1.0,0.0,Electricity generation,Fuel,Hydro,TWh,53.13,12.61,31.12
Italy,ITA,2024,Country or economy,Europe,Europe,1.0,1.0,1.0,1.0,0.0,Electricity generation,Fuel,Nuclear,TWh,0.0,0.0,
Italy,ITA,2024,Country or economy,Europe,Europe,1.0,1.0,1.0,1.0,0.0,Electricity generation,Fuel,Other Fossil,TWh,10.78,-2.01,-15.72
Italy,ITA,2024,Country or economy,Europe,Europe,1.0,1.0,1.0,1.0,0.0,Electricity generation,Fuel,Other Renewables,TWh,5.67,-0.02,-0.35
Italy,ITA,2024,Country or economy,Europe,Europe,1.0,1.0,1.0,1.0,0.0,Electricity generation,Fuel,Solar,TWh,35.99,5.28,17.19
Italy,ITA,2024,Country or economy,Europe,Europe,1.0,1.0,1.0,1.0,0.0,Electricity generation,Fuel,Wind,TWh,22.17,-1.37,-5.82
